{
  "_format": "hh3-sol-build-info-1",
  "id": "solc-0_8_20-68b8f4e5c01cad61416da1a7f48ceda65a69c1a5",
  "solcVersion": "0.8.20",
  "solcLongVersion": "0.8.20+commit.a1b79de6",
  "userSourceNameMap": {
    "contracts/RigoBlockVuln.sol": "project/contracts/RigoBlockVuln.sol"
  },
  "input": {
    "language": "Solidity",
    "settings": {
      "evmVersion": "shanghai",
      "outputSelection": {
        "*": {
          "": [
            "ast"
          ],
          "*": [
            "abi",
            "evm.bytecode",
            "evm.deployedBytecode",
            "evm.methodIdentifiers",
            "metadata"
          ]
        }
      },
      "remappings": []
    },
    "sources": {
      "project/contracts/RigoBlockVuln.sol": {
        "content": "// SPDX-License-Identifier: MIT\r\npragma solidity ^0.8.0;\r\n\r\ncontract RigoBlockVuln {\r\n    mapping(address => mapping(address => uint256)) public allowance;\r\n\r\n    // Vulnerable: missing onlyOwner modifier\r\n    function setMultipleAllowances(address[] memory spenders, uint256[] memory values) public {\r\n        require(spenders.length == values.length, \"Length mismatch\");\r\n        for (uint256 i = 0; i < spenders.length; i++) {\r\n            allowance[msg.sender][spenders[i]] = values[i];\r\n        }\r\n    }\r\n}\r\n"
      }
    }
  }
}