{"contracts/RigoBlockVuln.sol":{"jobHash":"solc-0_8_20-68b8f4e5c01cad61416da1a7f48ceda65a69c1a5","isolated":false,"artifactPaths":["C:\\Users\\yunus\\rigo-vuln\\artifacts\\contracts\\RigoBlockVuln.sol\\RigoBlockVuln.json"],"buildInfoPath":"C:\\Users\\yunus\\rigo-vuln\\artifacts\\build-info\\solc-0_8_20-68b8f4e5c01cad61416da1a7f48ceda65a69c1a5.json","buildInfoOutputPath":"C:\\Users\\yunus\\rigo-vuln\\artifacts\\build-info\\solc-0_8_20-68b8f4e5c01cad61416da1a7f48ceda65a69c1a5.output.json","typeFilePath":"C:\\Users\\yunus\\rigo-vuln\\artifacts\\contracts\\RigoBlockVuln.sol\\artifacts.d.ts","wasm":false}}